INSERT INTO `bibliotheksverwaltung`.`publikation` (`publikationid`, `isbn`, `autor`, `bestand_anzahl`, `publikationsart`, `titel`, `verlag`, `veroeffentlichung`) VALUES ('1', '3-551-55167-7', 'J.K.Rowling', '5', 'Buch', 'Harry Potter und der Stein der Weisen', 'Carlsen', '1997-01-01');
INSERT INTO `bibliotheksverwaltung`.`publikation` (`publikationid`, `isbn`,  `autor`, `bestand_anzahl`, `publikationsart`, `titel`, `verlag`, `veroeffentlichung`) VALUES ('2', '3-551-55168-5', 'J.K.Rowling', '7', 'Buch', 'Harry Potter und die Kammer des Schreckens', 'Carlsen', '1998-01-01');
INSERT INTO `bibliotheksverwaltung`.`publikation` (`publikationid`, `isbn`, `autor`, `bestand_anzahl`, `publikationsart`, `titel`, `verlag`, `veroeffentlichung`) VALUES ('3', '3-551-55169-3', 'J.K.Rowling', '15', 'Buch', 'Harry Potter und der Gefangene von Askaban', 'Carlsen', '1999-01-01');
INSERT INTO `bibliotheksverwaltung`.`publikation` (`publikationid`, `isbn`, `autor`, `bestand_anzahl`, `publikationsart`, `titel`, `verlag`, `veroeffentlichung`) VALUES ('4', '3-551-55193-6', 'J.K.Rowling', '2', 'Buch', 'Harry Potter und der Feuerkelch', 'Carlsen', '2000-01-01');
INSERT INTO `bibliotheksverwaltung`.`publikation` (`publikationid`, `isbn`, `autor`, `bestand_anzahl`, `publikationsart`, `titel`, `verlag`, `veroeffentlichung`) VALUES ('5', '3-551-55555-9', 'J.K.Rowling', '1', 'Buch', 'Harry Potter und der Orden des Phönix', 'Carlsen', '2003-01-01');
INSERT INTO `bibliotheksverwaltung`.`publikation` (`publikationid`, `isbn`, `autor`, `bestand_anzahl`, `publikationsart`, `titel`, `verlag`, `veroeffentlichung`) VALUES ('6', '3-551-56666-6', 'J.K.Rowling', '46', 'Buch', 'Harry Potter und der Halbblutprinz', 'Carlsen', '2005-01-01');
INSERT INTO `bibliotheksverwaltung`.`publikation` (`publikationid`, `isbn`, `autor`, `bestand_anzahl`, `publikationsart`, `titel`, `verlag`, `veroeffentlichung`) VALUES ('7', '3-551-57777-3', 'J.K.Rowling', '123', 'Buch', 'Harry Potter und die Heiligtümer des Todes', 'Carlsen', '2007-01-01');
INSERT INTO `bibliotheksverwaltung`.`schlagwoerter` (`schlagwoerterid`, `schlagwort`) VALUES ('1', 'Wissenschaft');
INSERT INTO `bibliotheksverwaltung`.`schlagwoerter` (`schlagwoerterid`, `schlagwort`) VALUES ('2', 'Fanatasy');
INSERT INTO `bibliotheksverwaltung`.`schlagwoerter` (`schlagwoerterid`, `schlagwort`) VALUES ('3', 'Roman');
INSERT INTO `bibliotheksverwaltung`.`schlagwoerter` (`schlagwoerterid`, `schlagwort`) VALUES ('4', 'Geschichte');
INSERT INTO `bibliotheksverwaltung`.`schlagwoerter_publikation` (`publikation_id`, `schlagwoerter_id`) VALUES ('1', '2');
INSERT INTO `bibliotheksverwaltung`.`schlagwoerter_publikation` (`publikation_id`, `schlagwoerter_id`) VALUES ('1', '3');
INSERT INTO `bibliotheksverwaltung`.`schlagwoerter_publikation` (`publikation_id`, `schlagwoerter_id`) VALUES ('2', '2');
INSERT INTO `bibliotheksverwaltung`.`schlagwoerter_publikation` (`publikation_id`, `schlagwoerter_id`) VALUES ('2', '3');
INSERT INTO `bibliotheksverwaltung`.`schlagwoerter_publikation` (`publikation_id`, `schlagwoerter_id`) VALUES ('3', '2');
INSERT INTO `bibliotheksverwaltung`.`schlagwoerter_publikation` (`publikation_id`, `schlagwoerter_id`) VALUES ('3', '3');
INSERT INTO `bibliotheksverwaltung`.`schlagwoerter_publikation` (`publikation_id`, `schlagwoerter_id`) VALUES ('4', '2');
INSERT INTO `bibliotheksverwaltung`.`schlagwoerter_publikation` (`publikation_id`, `schlagwoerter_id`) VALUES ('4', '3');
INSERT INTO `bibliotheksverwaltung`.`schlagwoerter_publikation` (`publikation_id`, `schlagwoerter_id`) VALUES ('5', '2');
INSERT INTO `bibliotheksverwaltung`.`schlagwoerter_publikation` (`publikation_id`, `schlagwoerter_id`) VALUES ('5', '3');
INSERT INTO `bibliotheksverwaltung`.`schlagwoerter_publikation` (`publikation_id`, `schlagwoerter_id`) VALUES ('6', '2');
INSERT INTO `bibliotheksverwaltung`.`schlagwoerter_publikation` (`publikation_id`, `schlagwoerter_id`) VALUES ('6', '3');
INSERT INTO `bibliotheksverwaltung`.`schlagwoerter_publikation` (`publikation_id`, `schlagwoerter_id`) VALUES ('7', '2');
INSERT INTO `bibliotheksverwaltung`.`schlagwoerter_publikation` (`publikation_id`, `schlagwoerter_id`) VALUES ('7', '3');
INSERT INTO `bibliotheksverwaltung`.`ausleihvorgang` (`vorgangid`, `ausgabedatum`, `ausleih_counter`, `matrikelnummer`, `name`, `pubid`, `pub_titel`, `rueckgabedatum`, `vorname`) VALUES ('1', '2022-05-03', '2', '94142', 'Schmidt', '1', 'Harry Potter und der Stein der Weisen', '2022-05-17', 'Markus');
